crisis,crisis
ukraine,euromaidan,майдан,україна,ukraina,ukrainian,ucrania,kiev,russian,russie,ukraine,crimea,russia,украины,украина
venezuela,venezuela,chavistas,vzla,aragua,chavez
gaza,israel,gaza,israelpalestine,palestinian,palestine,israeli,palestina
syria,syria,syrian
bitcoin,cryptocurrencies,bit coin,btc,bitcoins,bitcoin,coin,litecoin,cryptocurrency,altcoin,crypto
sochi,olympian,olympics,paralympics,sochi
news,новости,noticia,новини,news,berita,nieuws,noticias
media,média,médias,medium,medios,medya,media
politics,политика,politico,politiker,politique,politician,política,politiques,polityka,político,politics,political,politica,politicos,politici,politiek,politikk,политики,politik
press,journal,giornali,journos,journo,presse,revistas,newspaper,prensa,journaux,press
tv,tv,television
radio,radio
theater,theater,theatre
entertainment,entertainment,entertain
celebrities,celebs,celebr,gossip,celebrity,celeb
sports,esports,sport,спорт
technology,techcrunch,tecnología,tecnologia,technology,teknoloji,tech
science,science,scientist,ciencia,sci
comedy,funny,fun,humor,comedy,comedian
cinema,cine,film,cinema,movie
finance,economist,banking,finance,trading,investment,bank,económica,economistas,trade,economy,economics,stock,trader,economia,market,marketing,investor,economic,economie,economía,finanzas,financial,forex,économie,econ
law,lawyer,law,legal
medicine,physician,medicine,medicina,medical,doctor
software,computing,developer,development,programming,software
art,artist,art
fashion,moda,fashion
apple,i phone,iphone,apple,ipad,mac
music,musician,rapper,composer,musique,musica,música,rap,songwriter,hiphop,musical,kpop,musik,music,rock,pop
space,space,astronomy,nasa,aerospace,astro,astronomical,astronomia
geek,geek
religion,religion,god,religious
video_games,gaming,jugadores,videogames,gamers
poetry,poet,poetry
feminism,feminism,feminist
environment,environment
entrepreneurship,entrepreneurship
journalist,journaliste,giornalisti,journalist,photojournalism,reporter,журналисты,journalism,jornalismo,jornalistas,photojournalist,journalistes
singer,rapper,singer,cantantes
composer,composer,songwriter
activist,activist
publisher,publisher
athlete,athlete
commentator,commentator
actor,actor,actress
entrepreneur,entrepreneur
writer,author,writer,escritores
analyst,analyst,gartner,forrester
humanitarian,humanitarian
doctor,physician,doctor
lawyer,lawyer
banker,economist,banker
developer,developer
scientist,scientist
cyclist,cyclist
golfer,golfer
comedian,comedian
critic,critic,reviewer
poet,poet
chef,chef
conservative,republican,gop,tory,ukip,conservative
libertarian,libertarian
democrat,democrat,democracy,liberal,progressive,libdems
feminist,feminist
christian,christ,jesus,catholicism,christianity,christian,orthodox,catholic
islamic,islam,islamic,muslim
buddhist,buddhism
judaic,jewish,judaism
atheism,atheist,atheism
england,england,newcastle,liverpool,manchester,lancaster,lancashire,cumbria,yorkshire,sheffield,nottingham,leicester,leicestershire,shropshire,birmingham,wolverhampton,staffordshire,brighton,surrey,portsmouth,hampshire,sussex,glastonbury,bath,cornwall,exeter,bristol,christianity,cambridge,suffolk,norwich,orthodox,norfolk,essex,welsh,cardiff,wales,swansea,scottish,glasgow,scotland,edinburgh,cork
north_east,newcastle
north_west,liverpool,manchester,lancaster,lancashire,cumbria
yorkshire,yorkshire,sheffield
east_midlands,nottingham,leicester,leicestershire
west_midlands,shropshire,birmingham,wolverhampton,staffordshire
south_east,brighton,surrey,portsmouth,hampshire,sussex
south_west,glastonbury,bath,cornwall,exeter,bristol
east_of_england,christianity,cambridge,suffolk,norwich,orthodox,norfolk,essex
wales,welsh,cardiff,wales,swansea
scotland,scottish,glasgow,scotland,edinburgh
northern_ireland,cork
birmingham,birmingham
manchester,manchester
portsmouth,portsmouth
bath,bath
cardiff,cardiff
hampshire,hampshire
sussex,sussex
oxford,oxford
cumbria,cumbria
sheffield,sheffield
glasgow,glasgow
cornwall,cornwall
liverpool,liverpool
nottingham,nottingham
surrey,surrey
newcastle,newcastle
wolverhampton,wolverhampton
london,walthamptson,london,southwark,croydon,ldn
leicester,leicester,leicestershire
bristol,bristol
cambridge,cambridge
edinburgh,edinburgh
essex,essex
cork,cork
shropshire,shropshire
staffordshire,staffordshire
norfolk,norfolk,norwich
lancashire,lancashire
glastonbury,glastonbury
exeter,exeter
brighton,brighton
swansea,swansea
suffolk,suffolk
usa,usa,carolina,wisconsin,alabama,atlanta,connecticut,california,angeles,michigan,detroit,missouri,stlouis,ohio,philadelphia,pennsylvania,newyork,ny,brooklyn,nyc,texas,dallas,austin,colorado,florida,miami,boston,massachusetts,salem,hawaii,virginia,illinois,chicago,arizona,seattle,louisiana,nashville,utah,jersey
carolina,carolina
wisconsin,wisconsin
alabama,alabama
atlanta,atlanta
connecticut,connecticut
california,california,angeles
michigan,michigan,detroit
missouri,missouri,stlouis
ohio,ohio
pennsylvania,philadelphia,pennsylvania
newyork,newyork,ny,brooklyn,nyc
texas,texas,dallas,austin
colorado,colorado
florida,florida,miami
massachusetts,boston,massachusetts,salem
hawaii,hawaii
virginia,virginia
illinois,illinois,chicago
arizona,arizona
seattle,seattle
louisiana,louisiana
nashville,nashville
utah,utah
jersey,jersey
australia,australia,aussie,sydney,melbourne,australian
spain,españa,ibiza,madrid,español,espn,spain
yemen,yemen
indonesia,indonesia
sudan,sudan
italy,italy,italian,italia
austria,austria,österreich
uganda,uganda,ugandan
taiwan,taiwan
pakistan,pakistan,pakistani
jordan,jordan
kurdistan,kurd,kurdistan
peru,peru
russia,russia
iraq,iraq,irak
poland,polska,poland,polish
haiti,haiti
kenya,kenya,kenyan
somalia,somalia
philippines,philippine,philippines
turkey,turkey
sweden,svenska,swedish,sweden,sverige
belgium,belge,belgique,brussels,belgium
egypt,egypt
dubai,dubai
lebanon,lebanon,lebanese
saudiarabia,arab,arabia,saudi,saudiarabia
newzealand,newzealand,zealand
nigeria,nigerian,nigeria,naija
afghanistan,afghanistan
libya,libya
switzerland,suisse,switzerland,swiss
japan,japanese,japan,jp
hongkong,kong,hongkong,hong
malaysia,malaysian,malaysia
india,indian,india
bahrain,bahrain
vatican,pope,vatican
colombia,bogotá,colombia
china,china
argentina,argentina
chile,chile
canada,montréal,quebec,québec,ottawa,calgary,newfoundland,montreal,vancouver,canada,canadian,alberta
iran,iran
ireland,ireland,irish,dublin
mexico,mexico,méxico
germany,deutschland,german,berlin,germany,deutsch
brazil,brazil,brasil
korea,korea,korean
france,paris,french,français,cannes,france,bordeaux
israel,israel,israeli
greece,greek,greece
finland,suomi,finland
thailand,thai,thailand
motor_sports,motorsport,motorsports,nascar,formula
winter_sports,snowboard,snowboarder,ski
american_football,nfl
baseball,baseball
football,football,soccer,fifa
rugby,rugby
cyclism,ciclismo,cyclism,cyclist
mma,mma,ufc
golf,golf,golfer
basketball,basketball,nba
tennis,tennis
